2467,Roma
2467,Buzón
2470,Sanguino
2472,Matesanz
2475,Del Rosario
2476,Igual
2477,San Emeterio
2478,José
2483,Manresa
2485,Planells
2486,Victoria
2488,Ciobanu
2492,Lazar
2493,Mayol
2494,De Souza
2494,Bustillo
2494,Lorite
2494,Orti
2494,Recuero
2495,Manchón
2498,Salva
2498,Verges
2500,Miñano
2501,Gamiz
2502,Villalonga
2504,Queralt
2509,Bañon
2512,Bethencourt
2512,Tinoco
2515,Cancela
2518,Montaña
2518,Vivar
2518,Ji
2521,Espínola
2522,Cabanes
2523,Arriaga
2523,Herrador
2525,Limón
2525,Mozo
2525,Ilie
2527,Cara
2528,Dolz
2531,Pariente
2532,Artola
2535,Arrizabalaga
2535,Fortuny
2536,Barquín
2536,Vasco
2537,Claros
2539,Estruch
2543,Chinea
2544,Benet
2545,Villalta
2545,Domene
2545,Ezquerro
2548,Pares
2549,Rojano
2551,Gras
2554,Bohórquez
2555,Piris
2556,Tendero
2557,Bruno
2558,Estrella
2559,Suero
2560,Valenciano
2562,Godino
2562,Campuzano
2564,Garrigós
2565,Ligero
2565,Humanes
2565,Garijo
2567,Santacruz
2572,Gallart
2572,Ollé
2573,Santander
2573,Isla
2574,Comino
2577,Rufo
2578,Cubillo
2581,Llabres
2582,Jaume
2582,Barrul
2583,Ospina
2584,Cava
2585,Santaella
2586,Brown
2588,Zapatero
2589,Doval
2593,Sanjurjo
2596,Corredera
2599,Gaona
2599,Cerón
2603,Madariaga
2606,Gibert
2607,Muller
2608,Matute
2609,Salgueiro
2611,Sillero
2611,Villarroya
2611,Molto
2612,Colas
2612,Cárceles
2612,Sesma
2621,Montaner
2622,Carril
2622,Dopico
2623,Camarasa
2626,Olalla
2628,Oliveros
2629,Londoño
2632,Poyatos
2633,Villarejo
2635,Risco
2639,Sarria
2639,Callejón
2640,Abarca
2641,Nava
2641,Etxebarria
2643,Ulloa
2643,Odriozola
2644,Marfil
2647,Taylor
2648,Pol
2649,Pernas
2650,Arco
2650,Rusu
2654,Gay
2654,Menacho
2658,Paños
2661,Peñaranda
2662,Polanco
2662,Palmer
2664,Granell
2665,Armendáriz
2665,Pires
2669,Calvet
2670,Lama
2671,Allende
2672,Feito
2675,Sureda
2675,Arguello
2676,Platero
2677,Bataller
2679,Melchor
2679,Tarín
2680,Lugo
2682,Rubia
2684,De los Ríos
2684,Serban
2685,Olive
2685,Cuello
2687,Arrebola
2689,Cabaleiro
2692,Teixidó
2694,Balde
2699,Riesco
2700,Elizalde
2700,Stefan
2702,Astorga
2704,Castelo
2706,Pedreira
2707,Bocanegra
2707,Caño
2708,Bel
2711,Fariñas
2711,Arredondo
2715,Juez
2716,Orgaz
2717,Riba
2718,Torrens
2718,Gordon
2721,Gala
2725,Ezquerra
2725,Magaña
2727,Doblas
2731,Adrian
2734,Corredor
2735,Llamazares
2737,Presa
2738,Oñate
2741,Mestres
2744,Cabral
2745,Capel
2745,Gaya
2746,Cuadra
2746,Crespi
2750,Carazo
2751,Ovejero
2753,Mamani
2753,Clavería
2753,Falco
2753,Sebastia
2757,Cantarero
2758,Vigil
2760,Solorzano
2761,Cavero
2762,Salom
2766,Alejo
2771,Rubiales
2772,Pintos
2774,Albarracín
2778,Malo
2783,Larios
2785,Almodóvar
2787,Justicia
2787,Soares
2793,Molins
2796,Doncel
2797,Holguín
2798,Moraga
2798,Lanza
2801,Nogués
2801,Escalera
2803,Calviño
2804,Orihuela
2808,Arnedo
2808,Palenzuela
2809,Armero
2811,Monserrat
2814,Bonillo
2816,Cacho
2816,Guedes
2817,Barber
2820,Ariño
2822,Troya
2823,Gual
2827,Hortelano
2829,Gavira
2831,Rayo
2835,Corominas
2836,Williams
2843,Dimitrova
2845,Gomáriz
2846,Lechuga
2847,Puebla
2848,Mula
2848,Augusto
2854,Terol
2854,Traore
2857,Magdaleno
2859,Illescas
2859,Etxeberria
2861,Cremades
2862,Marzo
2867,Gomila
2867,Gregori
2869,Montañez
2875,Adrover
2878,Marchante
2879,Zapico
2882,Carrascal
2883,Elena
2884,Villalón
2886,Ortín
2887,Feliz
2887,Lemos
2887,Matei
2888,Aldea
2889,Elorza
2889,Adame
2890,Garate
2891,Fornes
2895,Vilaplana
2896,Insua
2896,Obregón
2899,Escolar
2900,Llobet
2904,Adell
2905,Guaman
2906,Illán
2909,Bouza
2909,Castellón
2910,Boluda
2912,Rioja
2913,Portilla
2915,Pallas
2915,Hu
2916,Enrique
2917,Trueba
2917,Junquera
2917,Mayordomo
2918,Padin
2918,Fandiño
2922,Folch
2923,Munuera
2924,Agustín
2925,Góngora
2925,Baz
2928,Muela
2929,Melgarejo
2930,Benedicto
2931,Laborda
2933,Zabaleta
2933,Cea
2934,Boada
2935,Leyva
2936,Aranguren
2937,Teijeiro
2940,Puentes
2940,Castellá
2945,Salvado
2946,Morant
2948,Tejeda
2948,Antonio
2951,Madueño
2954,Lasheras
2954,Utrilla
2955,Cubas
2956,Vinuesa
2958,Ivars
2958,Ricart
2959,Viña
2959,Darias
2960,Verde
2962,Gallegos
2964,Galdeano
2964,David
2965,Corona
2965,Berbel
2968,Escobedo
2969,Mendieta
2970,Uría
2972,Restrepo
2974,Ciudad
2975,Malló
2981,Espí
2982,Candel
2985,Ledo
2985,Alcañiz
2987,Piera
2987,Varas
2989,Jove
2990,Palacín
2991,Camarena
2992,Galdón
2993,Belenguer
2998,Reverte
2998,Pont
2999,Lopera
3000,Fábregas
3008,Roura
3009,Collazo
3011,De Sousa
3012,Canosa
3018,Berrio
3018,Montserrat
3023,Urbina
3027,Magro
3028,Estepa
3029,Miñana
3032,Batalla
3032,Bouzas
3034,Pimentel
3039,Vaz
3040,Mesas
3041,Cruzado
3041,Regueira
3042,Hermosilla
3046,Armenteros
3047,Flor
3059,Azcona
3059,Días
3064,Goncalves
3065,Troncoso
3065,Collantes
3067,Sicilia
3069,Jiang
3072,Novillo
3072,Hernán
3073,Molano
3076,Georgieva
3082,Córdova
3084,Vilalta
3086,Oliveras
3090,Larrosa
3094,Del Hoyo
3094,Machuca
3094,Quijada
3094,Lerma
3100,Del Cerro
3101,Mayorga
3103,Girona
3104,Cañellas
3108,Brenes
3110,Lumbreras
3112,Brotons
3115,Chamizo
3121,Dios
3123,Malagón
3123,Moscoso
3129,Gamarra
3138,Mancera
3146,Rodas
3146,Llacer
3146,Gascó
3147,Marquina
3148,Zarco
3150,Villaescusa
3151,Boza
3153,Seijo
3153,Cabrerizo
3156,Torralbo
3156,Comesaña
3156,Tamarit
3159,Gelabert
3161,Piquer
3162,Pelegrín
3163,Hussain
3167,Trejo
3169,Del Toro
3170,Fabra
3172,Agustí
3172,Callejas
3173,Cejudo
3176,Perona
3177,Balboa
3178,Marchena
3182,Llop
3184,Prades
3192,Magán
3194,Requejo
3201,Hernanz
3208,Jareño
3209,Moure
3210,Cedeño
3210,Toral
3213,Vivo
3215,Bernat
3215,Ocampo
3220,Gargallo
3225,Amengual
3226,Alegría
3226,Batlle
3227,Rodero
3229,Gamboa
3230,Bárcena
3231,Tortajada
3233,Pou
3235,Callejo
3238,Monedero
3240,Aracil
3242,Gándara
3243,Hevia
3245,Coloma
3245,Hueso
3246,Barrado
3249,Maeso
3252,Dimitrov
3255,Galeano
3262,Azorín
3263,Somoza
3263,Asensi
3265,Trigueros
3267,Borreguero
3267,Borrell
3268,Baro
3271,Bauza
3280,Mur
3280,Corpas
3282,Cuadros
3283,Rendón
3285,Zarza
3287,Villarroel
3288,Herráez
3298,Pachón
3300,Pose
3304,Guillamón
3306,Bertomeu
3306,Alcocer
3306,De la Hoz
3309,Galarza
3309,Castiñeira
3310,Iñigo
3317,Gabaldón
3321,De los Reyes
3322,Piedra
3325,Calvente
3326,Tabares
3330,Gaitán
3335,Gijón
3339,Escolano
3340,Serrat
3344,Valdivieso
3346,Alberola
3347,Bayona
3348,Patón
3350,Losa
3350,Popescu
3354,Galisteo
3356,Oltra
3357,Sirvent
3360,Chinchilla
3361,Huang
3362,Avalos
3363,Vicario
3364,Quintela
3366,Vicens
3370,Corbalán
3370,Varona
3371,Algaba
3371,Aceituno
3372,Jin
3374,Noya
3378,Tercero
3382,Bajo
3382,Calabuig
3382,Salado
3383,Llado
3386,Colmenero
3390,Hita
3391,Gheorghe
3392,Notario
3393,Vasile
3398,Barrachina
3399,Pitarch
3399,March
3400,Torras
3403,Fresneda
3405,Arango
3406,Rego
3407,Melo
3409,Cruces
3410,Pagan
3414,Stan
3416,Velarde
3424,Pajuelo
3425,Córcoles
3425,Solsona
3429,Guillem
3429,Quispe
3431,Correas
3433,Lavín
3435,Saborido
3435,Espina
3436,Zarate
3437,Curiel
3437,Palencia
3444,Mulet
3445,Solera
3446,De Lucas
3450,Monzo
3451,Olea
3452,Aller
3455,Almendros
3456,Del Val
3457,Rosario
3461,Clavero
3462,Bedoya
3463,Curto
3465,De Blas
3466,Ballesta
3472,Mihai
3474,Georgiev
3475,Bernárdez
3478,Goicoechea
3479,Negrín
3479,Cao
3481,Pintor
3481,Barreda
3481,Franch
3481,Aguero
3483,Edo
3484,Bellón
3490,Lasa
3491,Bernad
3495,Morente
3496,Huete
3496,Izaguirre
3505,Guasch
3507,Mercader
3514,Tolosa
3514,Albero
3516,Pastrana
3517,Araque
3521,Cueva
3522,Mondéjar
3522,Stoica
3523,Constantin
3524,Coto
3526,Barquero
3528,Blanca
3532,Liñán
3540,Romeu
3544,Rangel
3548,Mate
3554,Yepes
3555,De Juan
3556,Pombo
3557,Pinedo
3558,Regalado
3562,Egido
3564,Curbelo
3570,Artero
3572,Navalón
3575,Estébanez
3578,Ortigosa
3582,Parreño
3588,Del Rey
3588,Llinares
3590,Cortina
3601,Vivancos
3609,Canet
3612,Jones
3613,Selles
3615,Acero
3616,Feliu
3622,Matilla
3622,Motos
3623,Arrabal
3632,Simarro
3634,Borrero
3634,Kaur
3639,Barral
3641,Gadea
3641,Lopes
3642,Blanes
3646,Iranzo
3650,Múgica
3652,Samaniego
3653,Nuño
3655,Toscano
3662,Carreira
3663,Rozas
3663,Baquero
3666,Lage
3670,Funes
3677,Alguacil
3681,Artigas
3683,Borges
3686,Bas
3687,Liébana
3689,Andrades
3692,Matamoros
3692,Pan
3695,Moll
3696,Duro
3707,Lastra
3709,Masip
3715,Ferrándiz
3719,Vendrell
3719,Barrionuevo
3720,Pereiro
3725,Marina
3726,Reinoso
3734,Mendizábal
3735,Yang
3751,Higuera
3752,Iborra
3757,Gonzálvez
3759,Amo
3761,Torrecilla
3761,Alcolea
3766,Valbuena
3766,Rosselló
3768,Torrico
3772,Laso
3773,Cayuela
3777,Viana
3777,Romeo
3782,Da Costa
3783,Couto
3797,Lavado
3797,Vicent
3799,Rúa
3801,Mendes
3807,Niño
3812,Yanes
3813,San Román
3814,Posada
3816,Pantoja
3817,Viejo
3832,Orta
3833,Arnal
3833,Barcia
3835,Varo
3840,Béjar
3846,Brea
3849,Cases
3849,Devesa
3852,Graña
3852,Parrado
3860,Torrecillas
3861,Gonzales
3861,Uceda
3862,Abadía
3865,Orts
3867,Busquets
3873,Ferri
3876,Aramburu
3876,Lahoz
3884,Ferro
3885,Vieira
3886,Casillas
3889,Landa
3895,Pablos
3899,Llano
3900,Quílez
3904,Roque
3907,Águila
3916,Diz
3921,Galiana
3925,Barrena
3927,Camarero
3928,Morata
3935,Torrente
3935,Cózar
3935,Rosas
3939,Fontán
3943,Artiles
3943,Monfort
3944,Huguet
3948,Seijas
3952,Del Barrio
3954,Nebot
3954,Mengual
3962,Mirón
3963,Venegas
3964,Salvatierra
3965,Pablo
3970,Escamilla
3971,Pedrero
3976,Oller
3983,Dumitru
3985,Carnero
3988,Parras
3991,Abascal
3993,Cutillas
3996,Félix
3998,Trinidad
4001,Henríquez
4004,Alsina
4012,Mangas
4012,Antelo
4017,Romano
4018,Terán
4023,Coronel
4028,Bolívar
4035,Vilariño
4037,Ramis
4041,Colom
4042,Torrijos
4044,Nicolau
4045,De Pedro
4049,Lledó
4051,Conejero
4052,Calzado
4053,Quintas
4056,Vigo
4060,Diop
4066,Aguayo
4079,Jáuregui
4081,Campaña
4085,Canal
4088,Armengol
4097,Iñiguez
4098,Cuartero
4100,Uribe
4100,Miras
4102,Canals
4103,Fabregat
4111,Sendra
4111,Riveiro
4120,Rosillo
4132,Cerrato
4132,Bazán
4132,Gandía
4134,Tébar
4142,Asencio
4146,Machín
4149,Escalona
4150,Amaro
4164,Barco
4165,Pradas
4166,Villarreal
4166,Caraballo
4168,Barón
4177,Plata
4179,Roa
4180,Mulero
4189,Sotelo
4193,Tornero
4193,Alcón
4197,Pomares
4199,De Paz
4203,Caravaca
4203,Cantón
4208,Castejón
4210,Concepción
4210,Dura
4217,Almazán
4219,Castell
4219,Utrera
4221,Rocamora
4223,Moliner
4230,Arguelles
4235,Sedano
4235,Manjón
4237,Gázquez
4241,Arregui
4242,Macho
4247,Vilas
4250,Loureiro
4257,Infantes
4260,Fortes
4270,Monroy
4271,Panadero
4275,Granero
4276,Milla
4281,Velásquez
4282,Cabañas
4284,Morell
4287,Moldovan
4306,Morgado
4309,Maqueda
4310,Carbó
4313,Valladares
4314,Vacas
4319,Cepeda
4321,Gabarre
4322,Carracedo
4328,Tenorio
4328,Castrillo
4336,Triguero
4337,Zambrana
4361,Morante
4365,Plana
4369,Priego
4370,Arcas
4374,Moraleda
4378,Ndiaye
4383,Querol
4384,Abella
4384,Ribeiro
4385,Peñas
4399,Muro
4406,Raposo
4408,Zheng
4412,Porto
4413,Puche
4422,Palmero
4423,Siles
4428,Bayo
4432,De Frutos
4436,Almansa
4437,Berlanga
4451,Regueiro
4452,Agüera
4455,Pozuelo
4461,Ivanova
4469,Roncero
4472,Bertrán
4476,Barahona
4479,De Oliveira
4482,María
4488,Mico
4491,Reguera
4496,Justo
4500,Terrón
4501,Aguiar
4505,Pelayo
4507,Jodar
4510,Teixeira
4511,Lluch
4513,Radu
4522,Carbajo
4523,Cisneros
4524,Montañés
4533,Clavijo
4534,Párraga
4543,Noriega
4548,Montesdeoca
4551,Cañada
4561,Gea
4569,Albarrán
4574,Ginés
4576,Miguélez
4583,Escrivá
4589,Sarabia
4592,Rabadán
4593,Cortijo
4596,Roda
4598,De Jesús
4604,Alberdi
4605,Cadenas
4605,Antequera
4611,Cascales
4628,Garrote
4629,Buitrago
4633,Picón
4636,Granda
4641,Ángel
4645,Giráldez
4651,Company
4662,Zorrilla
4664,Sanabria
4666,De Andrés
4671,Cuervo
4672,Castillejo
4672,Zhu
4675,Donaire
4682,Meneses
4691,Valentín
4693,Triviño
4693,Paya
4694,Blanch
4695,De la Calle
4696,Amigo
4708,Portero
4709,Dalmau
4709,Porta
4723,Gregorio
4724,De Pablo
4733,Carpintero
4734,Mediavilla
4736,Busto
4737,Milán
4740,Mancebo
4744,Monreal
4747,Villalobos
4749,Porcel
4771,Anguita
4778,Molla
4787,Miquel
4789,Piñol
4795,Poza
4800,Madrigal
4812,Torrent
4815,Larrañaga
4816,Val
4827,Pita
4840,Zúñiga
4842,Tormo
4843,Barreto
4846,Blas
4847,Donoso
4848,Rama
4848,Escalante
4849,De la Vega
4850,Barriga
4851,Bou
4854,Vadillo
4855,Montalbán
4857,Capilla
4857,Ayllón
4863,Salido
4863,Pintado
4864,Garay
4872,Martel
4872,Guardia
4878,Iriarte
4885,Cabo
4886,Quintanilla
4888,Hierro
4893,Ali
4900,Espinar
4902,Corbacho
4916,Torrado
4916,Albaladejo
4917,Puga
4923,Sabaté
4931,Ferrández
4933,Vilanova
4934,Garmendia
4936,Briones
4952,Monje
4968,Esparza
4978,Bayón
5003,Aragonés
5005,Matías
5006,Benavent
5015,Maestro
5022,Ropero
5026,Asenjo
5028,Palomar
5032,Pagés
5037,Candela
5050,Del Amo
5051,Casanovas
5052,Agulló
5054,Lorca
5061,Coello
5062,Déniz
5063,Arrieta
5068,Gallo
5070,Daza
5072,De Haro
5074,Simo
5079,Salamanca
5082,De la Peña
5092,Llorca
5095,Cerro
5107,Ferreras
5108,Cabrero
5118,Casero
5122,Montalvo
5128,Mérida
5132,Pajares
5132,Rius
5136,Mato
5140,Verdejo
5140,Anaya
5147,Vara
5150,De la Iglesia
5155,Reche
5155,Larrea
5158,Urrutia
5160,Jover
5167,Higueras
5177,Elías
5200,Cueto
5206,Bernardo
5213,Conejo
5217,Ivanov
5218,Casares
5222,Valderrama
5235,Pueyo
5236,Ferrera
5237,Calzada
5239,Chica
5246,Ruz
5246,Gomis
5259,Fernandes
5260,Dorta
5271,Tur
5285,Ugarte
5287,Florido
5298,Jorda
5302,Morato
5306,Pereda
5318,Abreu
5334,Benavente
5344,Gavilán
5372,Lillo
5387,Melgar
5390,Barbosa
5402,Guirao
5413,Paris
5432,Betancor
5452,Matos
5454,Samper
5458,Plasencia
5464,Barrientos
5472,Mármol
5472,Casals
5476,Espino
5485,Saldaña
5487,Morera
5490,Nogueira
5491,Gaspar
5491,Julia
5496,Oviedo
5497,Bastida
5500,San Miguel
5510,Cardoso
5515,Valcárcel
5515,Muriel
5524,Carranza
5532,Olivera
5533,Mercado
5550,Holgado
5558,Castells
5563,Tejera
5568,Carpio
5574,Camino
5575,Morilla
5592,Gabarri
5615,Torrejón
5632,Lima
5655,Amat
5658,Julián
5661,Reig
5664,Meseguer
5672,Smith
5680,Martins
5683,Campoy
5691,Quiñones
5697,Amado
5713,Chaparro
5741,Seco
5744,Tudela
5751,Cornejo
5759,Garriga
5769,San Juan
5771,Mañas
5785,Cerdán
5794,Monteagudo
5798,Aliaga
5804,Portela
5819,Aroca
5829,Gilabert
5857,Maza
5874,Trillo
5876,Cristóbal
5881,Piña
5894,Popa
5900,Espín
5906,Megias
5913,Gomes
5915,Figueras
5926,Cabanillas
5929,Gisbert
5942,Llanos
5948,Berrocal
5953,Cañizares
5956,Perello
5963,Zhou
5990,Guevara
5992,Liu
6006,Arnaiz
6032,Galiano
6032,Sans
6039,Roselló
6049,Feijoo
6055,Wu
6058,Montenegro
6060,Postigo
6062,Uriarte
6070,Canto
6081,Guirado
6092,Flórez
6094,Colomer
6101,Hoyos
6118,Guardiola
6123,Mansilla
6125,Verdugo
6127,Rio
6128,Capdevila
6135,Cordón
6141,Del Moral
6141,Sacristán
6148,Antúnez
6150,Vico
6160,Rosell
6165,Fonseca
6167,Centeno
6169,Sempere
6178,Belda
6188,Comas
6191,Elvira
6204,Nieves
6207,Benavides
6215,Silvestre
6216,Cantos
6219,Yagüe
6221,Lora
6232,Palazón
6237,Quero
6242,Alemany
6242,Torralba
6245,Vaca
6256,Neira
6260,Jimeno
6261,Jaime
6266,Hermoso
6266,Parejo
6275,Labrador
6281,Herraiz
6285,Pop
6298,Ramiro
6310,Sousa
6316,Caamaño
6324,Chico
6325,Li
6326,Nevado
6334,Toledano
6334,Espinoza
6340,De Dios
6352,Pellicer
6382,Revilla
6387,Vegas
6403,Rus
6409,Farré
6425,Calatayud
6426,Antolín
6428,Ribes
6452,Amores
6483,Adán
6483,Riquelme
6489,Vilches
6506,Mera
6507,Diallo
6513,Segui
6520,Viera
6526,Guisado
6535,Perera
6539,Botella
6542,Arellano
6561,Carrascosa
6566,Girón
6582,Romo
6582,Álamo
6599,Novo
6608,Arnau
6612,Amor
6615,Codina
6615,Quiroga
6629,Andújar
6641,Solana
6651,Gordo
6653,Sabater
6657,Torregrosa
6664,Oliveira
6668,Pico
6681,Mestre
6682,Ureña
6689,Frutos
6710,Cañadas
6713,Rial
6713,Palau
6716,Xu
6732,Céspedes
6745,Gamero
6747,Parada
6765,De los Santos
6794,Carrero
6800,Picazo
6807,Lema
6809,Goñi
6825,Sepúlveda
6864,Sales
6868,Narváez
6891,Zurita
6899,Mir
6900,Tovar
6912,Revuelta
6912,Pedraza
6912,Acuña
6921,Planas
6925,Fuente
6927,Cañete
6937,Piqueras
6944,Meléndez
6946,Quiles
6950,Mariscal
6964,Ye
6975,Valdivia
6981,Fariña
6998,Hinojosa
7009,Cuellar
7022,Fidalgo
7038,Mayoral
7047,Cervantes
7052,Vivas
7052,Costas
7077,Coca
7086,Rodenas
7094,Parrilla
7098,Saura
7103,Camps
7119,Melian
7165,Boix
7169,Martorell
7216,Arana
7225,Montilla
7230,Lloret
7233,Encinas
7246,Buendía
7250,Molinero
7266,Carro
7270,Monzón
7290,Giraldo
7298,Palacio
7298,Bernabéu
7299,Peiro
7302,Tome
7307,Sanmartín
7308,Lamas
7310,Badía
7317,Toribio
7332,Coronado
7341,Pina
7345,Cubero
7357,Peral
7371,Téllez
7377,Mayo
7388,Bernabé
7390,Mariño
7393,Barbera
7404,Talavera
7426,Ibarra
7439,Puerta
7455,Zamorano
7463,Granado
7499,Matas
7508,Espada
7525,Prat
7560,Bolaños
7561,Caparros
7561,De Diego
7562,Mejía
7569,Balaguer
7580,Puerto
7581,Quevedo
7582,Iniesta
7586,España
7590,Morillas
7594,Montaño
7602,Perdomo
7614,Herreros
7627,Segarra
7634,Macia
7641,De las Heras
7648,Acedo
7649,Hermida
7664,Francés
7665,Torre
7689,Rodrigues
7691,Lujan
7702,Merchán
7708,Trigo
7712,Francisco
7730,Robledo
7740,Almagro
7755,Checa
7763,Ares
7808,Úbeda
7812,Sevillano
7843,Ortuño
7855,Raya
7884,Manzanares
7886,Cifuentes
7905,Zhang
7915,Echevarría
7933,Medrano
7945,Teruel
7960,Lucena
7966,Dueñas
7968,Canales
7972,Villena
7977,Novoa
8002,Jaramillo
8036,Sampedro
8070,Del Olmo
8099,Villaverde
8100,Mota
8100,Pinilla
8109,Manrique
8115,Miro
8127,Pedrosa
8128,Atienza
8130,Echeverría
8134,Diego
8140,Machado
8145,Míguez
8156,Viñas
8209,Berenguer
8221,Nogales
8244,Galera
8247,Maroto
8251,Cerda
8270,Yuste
8271,Albert
8278,Alemán
8283,Infante
8295,Ribera
8303,Maya
8316,Peñalver
8322,Batista
8372,Manso
8379,Alves
8403,Álvaro
8405,Morón
8419,Barros
8420,Patiño
8448,De León
8455,Tamayo
8522,Abril
8531,Prados
8539,Padrón
8557,Diéguez
8566,Báez
8568,Ayuso
8586,Vásquez
8590,Bejarano
8600,Amorós
8600,Prada
8614,Sandoval
8617,Lobo
8628,Barrero
8631,Arteaga
8637,San Martin
8647,Del Campo
8653,Barea
8656,Taboada
8658,Almeida
8663,Climent
8671,Tortosa
8709,Montiel
8713,Mayor
8742,Catalá
8744,Moro
8754,Jordán
8757,Jara
8762,Fraga
8798,Orellana
8834,Verdú
8839,Ferrando
8841,Conesa
8853,Jerez
8854,Veiga
8855,Zabala
8858,Mari
8862,Sarmiento
8865,Ripoll
8877,Armas
8902,Salmerón
8966,Cazorla
8979,Pallares
9036,Rocha
9037,Ferre
9086,Tello
9125,Bustos
9133,Seoane
9165,Sobrino
9187,Sanjuán
9188,Tejedor
9192,Acevedo
9197,Ledesma
9207,Ahmed
9219,Monge
9220,Vilar
9225,Valera
9226,Cañas
9227,Baños
9236,De Castro
9237,Nadal
9246,Fuster
9267,Tejada
9319,Enríquez
9380,Casal
9432,Alegre
9434,Campillo
9438,Arcos
9445,Bustamante
9456,Gago
9459,Montoro
9464,Moreira
9476,Murcia
9530,Zaragoza
9556,Jaén
9561,Chávez
9570,Luengo
9582,Peris
9588,Perales
9592,Leiva
9592,Urbano
9615,Wang
9639,Vizcaíno
9698,Pareja
9723,Sebastián
9730,Gascón
9734,Bellido
9736,Olmos
9737,Vílchez
9758,Carreras
9765,Puertas
9766,Zafra
9779,Baeza
9780,Del Pino
9786,Felipe
9788,Ceballos
9826,Lin
9827,Mínguez
9892,Montesinos
9943,Castañeda
9962,Borja
9962,Prats
10006,San José
10046,Maestre
10066,Osuna
10074,Del Castillo
10094,Orozco
10160,Molero
10163,Alvarado
10168,Carreño
10169,Castello
10177,Osorio
10229,Palomares
10241,Laguna
10302,Ribas
10315,Mellado
10323,Palomino
10325,Calle
10345,Mira
10413,Garcés
10428,Fuertes
10436,Afonso
10440,Barceló
10480,Yáñez
10505,Bilbao
10535,Llopis
10554,Borras
10565,Valiente
10566,Giner
10567,Quirós
10568,Cabeza
10579,Souto
10606,Abellán
10623,Barranco
10678,Hervás
10681,Salguero
10700,Piñero
10705,Andrade
10708,Páez
10724,Amaya
10731,Olmo
10747,Haro
10761,Brito
10774,Arce
10779,Poveda
10789,Valles
10793,Salcedo
10820,Mateu
10843,Serna
10895,Bartolomé
10898,Chaves
10909,Garzón
10914,Araujo
11006,Rebollo
11047,Noguera
11054,Del Pozo
11059,Bonet
11080,Llorens
11117,Heras
11129,Pazos
11148,Avilés
11151,Lafuente
11175,Vives
11193,Alcalá
11221,Paniagua
11255,Sáenz
11267,De Miguel
11279,Ferrero
11290,Alcalde
11337,Alcázar
11343,Tena
11385,Figueroa
11414,Solano
11416,Rosado
11418,Pena
11424,Zambrano
11425,Olmedo
11505,Mosquera
11517,Huerta
11527,Pla
11581,Calleja
11581,Pizarro
11608,Frías
11619,Moyano
11668,Grande
11789,Dorado
11799,Dávila
11803,Chamorro
11891,Criado
11895,Freire
11926,Duque
11929,Valdés
11940,Tirado
11973,Dos Santos
11979,Espejo
11988,Rosales
11990,Portillo
12009,Lobato
12018,Galván
12046,Tejero
12064,Gordillo
12065,Real
12070,Gonzalo
12089,Llamas
12102,Agudo
12128,Morillo
12139,Barrio
12167,Royo
12170,Melero
12199,Alcaide
12205,Romera
12271,Jorge
12290,Cánovas
12292,Fajardo
12292,Sainz
12373,Peinado
12392,Ariza
12424,Carvajal
12505,Pavón
12516,Arjona
12548,Del Valle
12553,Duarte
12560,Toro
12630,Valenzuela
12652,Barbero
12654,Guijarro
12670,Ruano
12696,Aznar
12705,Morcillo
12736,Borrego
12772,Huertas
12781,Solé
12799,Segovia
12811,Ferreiro
12839,Cerezo
12894,Godoy
12917,Estrada
12920,Cebrián
12948,Alcántara
12970,Fraile
12974,Barragán
12979,Catalán
13012,Falcón
13073,Castellanos
13092,Corrales
13121,Egea
13205,Sastre
13246,Gámez
13263,Peralta
13276,Campo
13310,Rovira
13317,Mejías
13360,Losada
13363,Latorre
13407,Singh
13493,Alfaro
13493,Vergara
13542,Bello
13562,Valls
13675,Granados
13687,Tapia
13740,Navarrete
13745,Ocaña
13764,Pujol
13785,Ochoa
13788,Becerra
13922,Vaquero
13935,Madrid
13996,Puente
14009,Vélez
14095,Angulo
14098,Cervera
14159,Cuadrado
14257,Cabezas
14271,Cobos
14417,Barreiro
14424,Coll
14424,Ventura
14526,Barba
14590,Palma
14612,Pino
14613,Muñiz
14633,Recio
14638,Cardona
14665,Arranz
14697,Porras
14712,Belmonte
14743,Herranz
14813,Baena
14819,Nicolás
14846,Lago
14876,Rincón
14921,Miralles
14929,Casanova
14953,Sala
14999,De la Rosa
15002,Arévalo
15026,Palomo
15202,Sanchís
15322,Cantero
15343,Castilla
15353,Ballester
15390,Marrero
15414,Pineda
15484,Cid
15536,Perea
15674,Cámara
15690,Bosch
15700,Quintero
15705,Salinas
15804,Grau
15877,Pinto
15911,Solís
16103,Esteve
16110,Marques
16179,Barrios
16183,Da Silva
16184,Olivares
16247,Piñeiro
16250,Carballo
16284,Luis
16348,Ayala
16384,Font
16395,Sevilla
16396,Requena
16401,Peláez
16443,Alfonso
16494,Prado
16516,Villegas
16537,Arribas
16631,Carbonell
16742,Salgado
16875,Vela
17065,Moral
17208,Toledo
17211,Zapata
17218,Llorente
17218,Saavedra
17243,Chacón
17342,Mohamed
17343,Sola
17351,Riera
17361,Velázquez
17387,Alcaraz
17390,Juárez
17390,Domenech
17459,Cárdenas
17555,Cobo
17560,Correa
17678,Calero
17762,Ferreira
17788,Cáceres
17923,Córdoba
17930,Andreu
17938,Rosa
17999,Hernando
18024,Carrera
18070,Castellano
18122,Villa
18284,Chen
18286,Clemente
18322,Carrión
18387,Aragón
18608,Roig
18653,Sosa
18775,Bonilla
19129,Carretero
19172,Oliver
19343,Burgos
19574,Leal
19583,Ojeda
19860,Amador
19896,Linares
20048,Moran
20148,Reina
20169,Paz
20190,Villalba
20257,Mata
20314,Naranjo
20505,Aguirre
20654,Polo
20680,Caro
20739,Lucas
20808,Valencia
20973,Ramón
20991,Asensio
21015,Mena
21028,Vallejo
21036,Escribano
21144,Galindo
21322,Domingo
21326,Arenas
21355,Soria
21372,Aguado
21387,Navas
21468,Pulido
21470,Saiz
21493,Rojo
21590,Cabello
21749,Puig
21754,Alba
21798,Corral
21938,Gimeno
21965,Ordoñez
22165,Barrera
22167,De la Torre
22231,Quesada
22332,Ros
22374,Barroso
22475,Marco
22715,Cuevas
22784,Martos
22830,Montoya
22902,De la Cruz
23065,Cuenca
23104,Murillo
23122,Pozo
23287,Collado
23404,Cordero
23407,Mas
23591,Oliva
23630,Juan
23735,Lorente
23781,Rodrigo
23809,Ponce
23895,Bautista
23964,Valle
24498,Maldonado
24699,Valverde
24832,Ballesteros
24838,Antón
24928,Paredes
25097,Bermejo
25434,Salvador
25584,Zamora
25593,Castaño
25764,Luna
25856,Alarcón
26010,Millán
26022,Blasco
26039,Escobar
26438,Del Rio
26504,Mesa
26696,Sancho
26749,Lázaro
26790,De la Fuente
26878,Pons
27125,Ávila
27159,Pacheco
27178,Simón
27538,Trujillo
27576,Rueda
27604,Hurtado
27800,Tomas
27849,Manzano
27954,Cuesta
28110,Villanueva
28410,Guzmán
28418,Serra
28450,Salazar
28684,Santamaría
28793,Miguel
28812,Bermúdez
28940,Costa
29046,Roca
29185,Blázquez
29229,Aranda
29267,Acosta
29462,Plaza
29627,Jurado
29668,Quintana
29746,Salas
29873,Conde
29985,Gálvez
30141,Abad
30293,Calderón
30303,Rico
30404,Gracia
30433,Padilla
30640,Beltrán
30697,Estévez
30902,Rivero
31194,Aparicio
31553,Casas
31627,Aguilera
31765,Menéndez
31874,Escudero
32323,Mateos
32453,Guillen
32909,Miranda
33137,Contreras
33508,Villar
33800,Mateo
33814,Roldan
33904,Heredia
34141,Bueno
34528,Macías
34584,Guerra
34935,Varela
34991,Andrés
35045,Benito
35080,Pereira
35236,Expósito
35238,Palacios
35835,Valero
36351,Vila
36382,Bernal
36437,Robles
36441,Mendoza
36966,Soriano
37661,Martí
38027,Marcos
38037,Carrillo
38539,Segura
38907,Sierra
39037,Ríos
39236,Montes
39256,Luque
39270,Galán
39630,Otero
39935,Vera
40223,Camacho
40252,Rey
40392,Arroyo
40425,Redondo
40493,Rivera
40602,Casado
40809,Silva
41206,Rivas
41381,Lara
41528,Espinosa
41652,Izquierdo
42284,Franco
43456,Merino
44049,Pardo
44333,Rojas
44768,Gallardo
45226,Bravo
45269,Parra
45718,Esteban
46130,Moya
46350,Soler
47319,Velasco
47645,Sáez
48124,Soto
48623,Román
48698,Pastor
50276,Crespo
51257,Carmona
51584,Vargas
52296,Santiago
52441,Arias
52493,Benítez
52493,Mora
53080,Vicente
53832,Duran
55447,Ferrer
55543,Giménez
55917,Ibáñez
56324,Montero
56472,Hidalgo
57218,Lorenzo
57516,Santana
58459,Herrero
58861,Reyes
59034,Pascual
59063,Aguilar
60696,Nieto
60835,Caballero
62920,Carrasco
64138,Fuentes
64612,Diez
65037,Vega
66000,Campos
67356,Flores
67746,Cabrera
68237,Peña
68368,Márquez
68480,Herrera
69129,León
69965,Cruz
70025,Gallego
70025,Vidal
71168,Calvo
72485,Méndez
74657,Prieto
77556,Cano
78542,Guerrero
79977,Lozano
82601,Cortes
83263,Castillo
84457,Santos
85925,Garrido
86790,Medina
90346,Núñez
90663,Iglesias
95023,Sanz
104408,Marín
105459,Rubio
107218,Ortiz
116255,Castro
117139,Delgado
118008,Ortega
119976,Morales
120981,Molina
121563,Suarez
124771,Blanco
132586,Serrano
134058,Ramírez
141933,Gil
145042,Ramos
149481,Vázquez
158789,Domínguez
168577,Torres
178663,Navarro
195965,Gutiérrez
200563,Alonso
219666,Romero
282211,Muñoz
286453,Álvarez
319163,Moreno
340513,Díaz
358671,Hernández
369418,Ruiz
390609,Jiménez
493690,Martin
495126,Gómez
786110,Pérez
822152,Sánchez
840436,Martínez
879145,López
928618,Fernández
932924,Rodríguez
935135,González
1483939,García