Abdicación,La
Abastecimiento,El
Abceso,El
Abdomen,El
Abecedario,El
Abeja,La
Abiótico,El
Abnegación,La
Abovedado,Lo
Abraham,El
Abrasivo,El
Abreviatura,La
Abrupto,El
Absolución,La
Absorción,La
Abstención,La
Abstinencia,La
Abstracción,La
Abstracto,Lo
Abundancia,La
Acaecimiento,El
Acceso,El
Accesible,Lo
Accesorio,Lo
Acepción,La
Aceptación,La
Aconsejable,Lo
Acribillamiento,El
Acrobacia,La
Actitud,La
Actividad,La
Acusación,La
Adaptación,La
Adherencia,La
Adherente,El
Adhesión,La
Adhesivo,El
Adicción,La
Adivinanza,La
Adjetivo,El
Adjudicación,La
Adjudicación,La
Admisión,La
Adolescente,El
Adquisición,La
Adsorción,La
Adverbio,El
Adversario,El
Adversativo,El
Adversidad,La
Advertencia,La
Advocación,La
Adyacente,Lo
Aflicción,La
Afluencia,La
Aforo,El
Agilidad,La
Agobiante,El
Agresividad,La
Agudizamiento,El
Aliteración,La
Ambición,La
Amnistía,La
Amstrong,El
Anhídrido,El
Anorexia,La
Antecesor,El
Antibiótico,El
Anticipación,La
Anverso,El
Aposición,La
Aristocracia,La
Arteriosclerosis,La
Ascendencia,La
Asentamiento,El
Aseverativo,El
Asia,El
Asimilación,La
Astigmatismo,El
Astringente,El
Astronauta,El
Asunción,La
Atribución,La
Audiovisual,El
Auscultación,La
Ausencia,La
Autarquía,La
Autoadhesivo,El
Autótrofo,El
Aval,El
Ave,El
Avidez,La
Axioma,El
Azteca,El
Babilonia,La
Bacilo,El
Bacteria,La
Bahía,La
Bajorrelieve,El
Barbarismo,El
Bario,El
Báscula,La
Básico,Lo
Basílica,La
Batalla,La
Bautismo,El
Beatificación,La
Bebida,La
Bélico,Lo
Bendición,La
Beneficencia,La
Biblia,La
Bibliografía,La
Bíceps,El
Bicóncavo,Lo
Bienaventuranza,La
Bienvenida,La
Bifurcación,La
Bimestre,El
Binomio,El
Biografía,La
Biosfera,La
Bióxido,El
Bípedo,El
Bisectriz,La
Bisiesto,El
Bisílabo,El
Bivalente,El
Bizcocho,El
Bombilla,La
Bovino,El
Brevedad,La
Buenaventura,La
Bulimia,La
Bullicio,El
Buscador,El
Cabeza,La
Cabildo,El
Callosidad,La
Calvicie,La
Canción,La
Capacidad,La
Capilaridad,La
Capitulación,La
Carnívoro,El
Castellano,El
Cautiverio,El
Celebración,La
Centesimal,El
Centímetro,El
Cibernética,La
Ciencia,La
Científica,La
Circunferencia,La
Circunstancial,Lo
Citoplasma,El
Cívico,El
Clásico,El
Clavícula,La
Clavo,El
Coalición,La
Cocina,La
Coherencia,La
Cohesión,La
Colección,La
Comercialización,La
Comezón,El
Complicación,La
Composición,La
Comprensión,La
Comprobación,La
Comunicativo,El
Cóncavo,Lo
Concentración,La
Concepción,La
Concesión,La
Conciencia,La
Concilio,El
Concordancia,La
Conductividad,La
Confesión,La
Congruencia,La
Conjugación,La
Conjunción,La
Conmutativo,El
Connotación,La
Conocimiento,El
Consejo,El
Conserva,La
Consideración,La
Consigna,La
Consistencia,La
Constelación,La
Constitución,La
Construcción,La
Contribución,La
Convalescencia,La
Conversación,La
Conversión,La
Convexo,Lo
Convivencia,La
Convocatoria,La
Coordinación,La
Cosmos,El
Covalente,Lo
Crecimiento,El
Cuadrúpedo,El
Cuádruple,El
Débil,El
Decadencia,La
Décimo,El
Decisión,La
Definición,La
Delgadez,La
Democracia,La
Depresión,La
Derivación,La
Desahogo,El
Desastroso,Lo
Descendiente,El
Descriptiva,La
Deshabitado,El
Desinencia,La
Deslizamiento,El
Desvalorización,La
Devastación,La
Devoción,La
Diagnóstico,El
Dibujo,El
Diezmo,El
Dihíbrido,El
Dilúbrido,El
Diptongo,El
Disciplina,La
Discípulo,El
Discordancia,La
Discriminación,La
Disección,La
Disociamiento,El
Distribución,La
Disyunción,La
Divergente,El
Diversión,La
Divisible,El
División,La
Divulgación,La
Eficiencia,La
Egipto,El
Elaboración,La
Elipsis,La
Encabezamiento,El
Endocrino,El
Endoplasmático,El
Enlace,El
Enseñanza,La
Entrevista,La
Envase,El
Envío,El
Envoltura,La
Erlemeyer,El
Erosión,La
Escena,La
Escenografía,La
Esclavitud,La
Esencial,Lo
Espermatozoide,El
Estival,El
Estratega,El
Estrella,La
Evaluación,La
Evangelio,El
Evaporación,La
Evolución,La
Examen,El
Excavación,La
Excelencia,La
Excepcional,El
Exclusión,La
Excreción,La
Excursión,La
Exhibición,La
Exhortación,La
Exigencia,La
Exilio,El
Existencia,La
Éxodo,El
Expansión,La
Expedición,La
Experiencia,La
Experimento,El
Explosión,La
Expresión,La
Expresiva,La
Expulsión,La
Exuberancia,La
Fabricación,La
Fábula,La
Fácil,Lo
Fenicia,La
Física,La
Fisiología,La
Flagelo,El
Flexibilidad,La
Fortuna,La
Fósil,El
Fotólisis,La
Fotometría,La
Fotoquímica,La
Fotosíntesis,La
Frase,La
Fraternidad,La
Frontera,La
Frugívoro,El
Función,La
Galaxia,La
Genealogía,La
Generalización,La
Génesis,La
Genoma,El
Genotipo,El
Gimnasia,La
Globalización,La
Graffiti,El
Gramática,La
Grandiosidad,la
Guía,El
Habitación,La
Habladuría,La
Hecho,El
Hallazgo,El
Hamaca,La
Hectárea,La
Hemisferio,El
Hemograma,El
Hepático,Lo
Heptágono,El
Herbívoro,El
Herencia,La
Hervido,Lo
Heterótrofo,El
Híbrido,El
Hidrofílico,El
Hidrófobo,El
Hidrógeno,El
Hidrólisis,La
Hiperónimo,El
Hipertensión,La
Hipónimo,El
Hipótesis,La
Hispanoamericano,El
Histológico,El
Hitita,El
Homónimo,El
Icónico,El
Idiosincrasia,La
Implícito,Lo
Imprescindible,Lo
Improvisación,La
Incisión,La
Indagación,La
Inducción,La
Inecuación,La
Inefable,El
Inhabilitación,La
Insercción,La
Instructivo,Lo
Intencionalidad,La
Interés,El
Interespecífica,La
Intervención,La
Intraespecífica,La
Introducción,La
Invasor,El
Invención,La
Inverso,El
Investigación,La
Invisible,Lo
Ionización,La
Irregular,Lo
Irreversible,Lo
Izquierda,La
Jabalina,La
Jilguero,El
Joule,El
Júbilo,El
Jurídico,Lo
Jurisdicción,La
Jurisprudencia,La
Justicia,La
Juventud,La
Laceramiento,El
Laringe,La
Levítico,El
Libertad,La
Licencia,La
Limnología,La
Limo,El
Línea,La
Lingüística,La
Lisosoma,El
Longitud,La
Lumen,El
Lúteo,El
Macrométrico,Lo
Magnánimo,El
Maleable,Lo
Maquinaria,La
Medieval,El
Mesías,El
Microorganismo,El
Micrótomo,El
Misión,La
Monocárpico,El
Monohíbrido,El
Morfología,La
Motilidad,La
Movilidad,La
Municipio,El
Nacimiento,El
Nacionalidad,La
Nacionalismo,El
Nanómetro,El
Navegación,La
Necesidad,La
Neoclasicismo,El
Neologismo,El
Nervadura,La
Nobiliario,El
Novela,La
Nucela,El
Nueva,La
Obediencia,La
Objeción,La
Objetivo,El
Objeto,El
Observación,La
Obsesión,La
Obtusángulo,El
Ocasión,La
Octosílabo,El
Oficial,El
Oleoducto,El
Omisión,La
Omnipotente,El
Omnisciente,El
Oposición,La
Organogénesis,La
Orgánulo,El
Origen,El
Ortográfico,El
Ovíparo,El
Ovovivíparo,El
Óvulo,El
Paciencia,La
Pacífico,El
Parábola,La
Parsimonia,La
Partenocarpia,La
Partenogénesis,La
Participación,La
Pasivo,El
Pasteurización,La
Perezoso,El
Persistencia,La
Perspicaz,El
Persuasión,La
Placenta,La
Plancton,El
Plasmólisis,La
Polinización,La
Posesión,La
Posibilidad,La
Precipitación,La
Precisión,La
Predación,La
Predecesor,El
Predicativo,El
Predilección,La
Predisposición,La
Prehistoria,La
Presencia,La
Preservación,La
Pretensión,La
Prevención,La
Probabilidad,La
Procesión,La
Profesión,La
Programario,El
Prohibición,La
Proposición,La
Proverbio,El
Provincia,La
Provisión,La
Prueba,La
Psíquico,Lo
Recepción,La
Recesión,La
Recibimiento,El
Reciclacimiento,El
Reconocimiento,El
Reflexión,La
Rehabilitación,La
Relación,La
Relativo,Lo
Religión,La
Reminiscencia,La
Renacimiento,El
Repercusión,La
Representación,La
Reserva,La
Residencia,La
Residencia,La
Resignación,La
Resistencia,La
Resolución,La
Responsabilidad,La
Restauración,La
Retículo,El
Reverencia,La
Reversible,Lo
Revisión,La
Ribosoma,El
Saber,El
Sabiduría,La
Selección,La
Selectividad,La
Selva,La
Semblanza,La
Sencillo,El
Sensibilidad,La
Septentrional,El
Servicio,El
Sílaba,La
Símbolo,El
Simposio,El
Sinalefa,La
Soberanía,La
Soberbia,La
Sociedad,La
Sosiego,El
Subida,La
Sublevación,La
Subordinación,La
Subsidio,El
Suburbio,El
Subvención,La
Sucesión,La
Suciedad,La
Sugerencia,La
Supervivencia,La
Sustantivo,El
Sustentación,La
Tecnología,La
Torbellino,El
Tradición,La
Tragedia,La
Tragicomedia,La
Transcripción,La
Transferencia,La
Transformación,La
Transfusión,La
Transición,La
Transitivo,Lo
Transmisión,La
Transpiración,La
Transporte,El
Trapezoide,El
Trascendental,Lo
Traslación,La
Triptongo,El
Tubérculo,El
Turbulencia,La
Turgencia,La
Ultimátum,El
Único,El
Unilateral,Lo
Universo,El
Unívoco,El
Urbanización,La
Urgencia,La
Vacío,El
Vacuna,La
Vegetación,La
Vegetal,El
Vellosidad,La
Ventosidad,La
Veracidad,La
Verbo,El
Verboides,Lo
Verosímil,Lo
Versículo,El
Versificación,La
Vertebrado,El
Vértice,El
Vesícula,La
Vestíbulo,El
Vestigio,El
Víbora,El
Viceversa,La
Vicisitud,La
Violencia,La
Virus,El
Víscera,La
Viscosa,La
Visible,Lo
Vivienda,La
Vivíparo,El
Vocabulario,El
Vocativo,El
Voluble,Lo
Vuelta,La
Votación,La
Vulcanismo,El
Vulnerable,Lo
Zambullida,La
Zoología,La
Zooplancton,El
Zootecnia,La